<?xml version="1.0" encoding="utf-8"?>
<feed xmlns="http://www.w3.org/2005/Atom">

  <title><![CDATA[Category: mysql | BaQiao]]></title>
  <link href="http://xdbaqiao.github.io/blog/categories/mysql/atom.xml" rel="self"/>
  <link href="http://xdbaqiao.github.io/"/>
  <updated>2014-06-08T23:26:05+08:00</updated>
  <id>http://xdbaqiao.github.io/</id>
  <author>
    <name><![CDATA[BaQiao]]></name>
    <email><![CDATA[yexj061761@gmail.com]]></email>
  </author>
  <generator uri="http://octopress.org/">Octopress</generator>

  
  <entry>
    <title type="html"><![CDATA[关于OperationalError]]></title>
    <link href="http://xdbaqiao.github.io/blog/2013/02/03/operationerror/"/>
    <updated>2013-02-03T19:27:00+08:00</updated>
    <id>http://xdbaqiao.github.io/blog/2013/02/03/operationerror</id>
    <content type="html"><![CDATA[<p>往mysql插入数据时，总是提示</p>

<blockquote><p>‘OperationalError: (1118, ‘Row size too large. The maximum row size for the used table type, not counting BLOBs, is 8126. You have to change some columns to TEXT or BLOBs’)</p></blockquote>

<p>起初以为是表设计的问题，将超过255的vachar更改成text后，还是报错。但是在另一台计算机上插入数据时，又没有问题。所以，我想可能是我本地mysql配置的问题。网上搜索一下，发现果真是配置的问题。        <br/>
在mysql配置文件my.cnf中修改或者添加：</p>

<pre><code>[mysqld]
max_allowed_packet = 16M
innodb_file_per_table=1
innodb_file_format='Barracuda'
</code></pre>

<p>注意mysql的配置文件一定要加上<code>innodb_file_format=’Barracuda</code> ’, 不然会报错</p>

<blockquote><p>requires innodb_file_format > Antelope</p></blockquote>

<p>在设计表时，添加 <code>ROW_FORMAT=COMPRESSED</code></p>

<p>另外，插入数据时，某些字符插入时会产生警告</p>

<blockquote><p>Warning: Incorrect string value: ‘\xD0\x91\xD0\xB8\xD1\x82…’ for column…</p></blockquote>

<p>解决方法是修改表列类型</p>

<pre><code>ALTER TABLE table_name MODIFY COLUMN column_name TEXT CHARACTER SET utf8 COLLATE utf8_general_ci NULL
</code></pre>
]]></content>
  </entry>
  
</feed>
